patient_id,age,gender,country,national_id
P291,59,F,ARG,23-80143601-0
P399,34,F,UK,MO428550C
P084,51,F,ARG,23-87207243-2
P096,34,F,Spain,22498308H
P377,68,F,Spain,69053503F
P046,71,F,UK,XY926952U
P002,73,F,UK,KL466654A
P338,36,F,MEX,ZDJB490397HEZ3FO
P321,35,M,Germany,4476448689F
P193,34,M,UK,NN980535V
P025,47,F,Spain,30313180L
P242,42,M,ARG,20-99648425-4
P005,24,F,Spain,41911705P
P205,55,F,UK,AE423148S
P111,74,M,Germany,8944119341F
P424,73,M,Spain,39083264N
P055,24,M,Germany,8431579610M
P159,59,F,ARG,20-08716856-6
P286,63,M,ARG,23-93720398-2
P021,30,F,MEX,UZHE470155HTCENA
P117,74,F,ARG,23-09928820-5
P322,74,M,Spain,86941576A
P007,67,M,MEX,AVWK550226HEA1QX
P229,46,M,UK,RT597873F
P181,66,F,MEX,NJKB185354MWGRDN
P319,55,F,Germany,9396078807F
P023,27,M,ARG,20-49716052-7
P104,63,M,MEX,LRYD135991MPHVA0
P308,44,M,Germany,6688068298F
P282,41,M,ARG,27-50972904-0
P162,22,M,Germany,4408428047M
P265,49,F,UK,TZ836706S
P499,27,M,Spain,79354680H
P355,21,F,ARG,20-53919842-5
P252,40,F,UK,OU705968L
P298,76,M,UK,VN750666X
P208,41,M,UK,AX891418X
P464,67,M,ARG,27-25461269-4
P068,76,M,ARG,23-89894451-7
P297,45,F,MEX,KUYG195787MPXGPD
P224,66,M,MEX,BOGZ455480HKF5KU
P238,54,F,Spain,47322953X
P262,43,M,Spain,76756308K
P157,55,F,Spain,13638580B
P473,70,M,UK,TQ035719N
P231,32,M,MEX,NBYN148540MFK7VW
P176,29,F,UK,QQ792296V
P248,36,M,Spain,64399849U
P369,28,F,Spain,84888662Z
P107,29,F,Spain,82259718L
P414,37,M,Germany,1105067158M
P306,62,F,Germany,6191574552M
P029,51,M,Spain,28007346H
P083,52,F,MEX,LUQL734442HMMTT0
P351,60,F,ARG,23-82556911-0
P386,44,F,ARG,23-05276094-4
P077,59,M,UK,BV045608Y
P337,49,F,UK,TC566453S
P498,22,F,MEX,SOSW177478MFSO4W
P255,48,F,UK,WP133671N
P389,22,F,Spain,03776710T
P305,32,F,MEX,UVRX263154HGX5R2
P279,76,M,MEX,HPZR631802HXIUVC
P341,47,M,Germany,7323556139M
P420,66,F,UK,ZD345241L
P350,42,M,Spain,84917825J
P358,36,F,UK,RX970281B
P232,27,F,Germany,6482111310F
P440,29,M,ARG,27-31660120-9
P189,67,F,Spain,56789244D
P013,24,M,Germany,1753907891M
P269,71,M,Spain,17960570E
P235,35,F,ARG,27-73257371-7
P486,68,F,ARG,20-21877426-9
P292,78,F,Spain,32414542I
P226,46,F,ARG,27-05071637-1
P209,49,M,Spain,90005924K
P261,30,F,UK,XI067089R
P400,53,M,Germany,2745566543F
P277,60,M,Germany,5701458154M
P073,34,M,Germany,2871925021M
P134,32,F,Germany,1417296061F
P081,67,M,UK,RS626400S
P136,27,M,UK,SZ622236K
P481,38,F,MEX,CYIS028163MFOZF6
P390,63,M,MEX,RIAI422383MZM1FL
P363,71,M,ARG,27-01883626-3
P173,49,F,UK,XU116376Y
P166,75,F,Spain,65213189R
P439,56,M,MEX,YTAZ945984MGCKP0
P313,46,F,Germany,3313612592F
P306,62,F,Germany,6191574552M
P163,72,M,Spain,87272097U
P069,62,F,Germany,3570733978M
P182,28,F,MEX,NWGZ447721HBST7O
P041,28,F,UK,UB927873G
P032,64,F,UK,JT946826D
P072,58,F,MEX,TUPA533389MQCCY0
P391,40,M,MEX,HVZH267997HHCFGN
P132,73,F,MEX,BOQL753244HNVWHD
P050,30,F,UK,CL366564S
P082,72,M,MEX,VXFG600643HCJ3RM
P147,48,M,ARG,23-46092968-3
P146,71,M,UK,ZK717489D
P027,66,M,Germany,8022284795M
P410,35,F,Germany,9751336560M
P443,74,M,ARG,27-02452582-1
P356,27,F,Spain,48238425S
P361,44,F,Germany,0789802169M
P397,60,F,Spain,67882385E
P125,51,F,Spain,37050993U
P253,36,F,MEX,IGOV424175MWPZSV
P357,63,M,ARG,27-16917613-4
P431,68,M,Germany,6596968078F
P021,30,F,MEX,UZHE470155HTCENA
P301,78,F,Spain,97787846H
P370,36,M,Germany,3641932728M
P177,28,F,UK,PR005914L
P028,55,M,Germany,7279764825F
P385,52,F,ARG,20-59646946-4
P496,38,M,ARG,23-45036113-1
P194,42,M,UK,FO725909S
P453,43,M,ARG,27-38869365-2
P353,39,M,ARG,27-06914953-9
P199,23,M,UK,OU867990G
P466,28,M,ARG,20-91611414-7
P418,56,F,ARG,27-34778626-6
P240,64,M,MEX,BWQF743410HURPPD
P119,61,F,Spain,15782007C
P290,48,M,MEX,XENY636915HNGJBT
P140,40,F,UK,OC505386C
P164,38,M,Spain,76270512L
P285,51,F,UK,CU275658F
P128,69,M,MEX,CPNO286476HXB6LO
P476,48,M,UK,IW722861K
P403,71,M,MEX,WAVE849211MNVYIE
P444,20,F,UK,HL254224N
P149,31,M,Spain,76558573D
P139,32,M,MEX,CHLS100439MTU9L6
P460,68,F,Spain,69561975U
P244,69,M,UK,YD368406Q
P348,54,M,Spain,51783320I
P078,59,F,MEX,YZQY582085HRZ42N
P206,36,F,ARG,23-01229470-2
P344,75,F,UK,NV079122E
P346,26,F,MEX,TVTE436026HRTAQH
P065,32,F,UK,PY241598X
P167,20,F,ARG,20-32765162-2
P383,34,F,Germany,9402533299M
P202,35,F,UK,SC139748K
P449,32,F,MEX,KVSL294797MRQRQ2
P003,30,M,Spain,35727063K
P434,20,M,UK,MI318787F
P074,78,M,Spain,34592395J
P275,77,M,MEX,TVXP812104MBQR20
P487,51,F,ARG,20-70887656-0
P283,55,M,UK,RV314041G
P133,28,M,Spain,78430546P
P365,25,M,Germany,3286066660M
P259,37,F,UK,XM904324Y
P227,39,M,Spain,83130813W
P299,45,M,UK,TS984090K
P287,40,F,UK,MY464974Y
P245,78,F,ARG,23-49705534-0
P116,42,F,UK,XL968778H
P328,51,F,Spain,86216900Z
P118,71,M,Germany,3847984359M
P370,36,M,Germany,3641932728M
P256,66,M,Spain,92363790J
P148,44,M,ARG,20-01092993-5
P142,21,M,MEX,MKZU687913MMZI5C
P373,65,M,Germany,1787292994F
P402,34,F,ARG,23-44672515-6
P022,60,F,ARG,27-17676437-6
P313,46,F,Germany,3313612592F
P260,58,M,Germany,3744808412M
P160,57,F,UK,CN810143Z
P169,22,F,Spain,55696127H
P230,77,M,Spain,92083023Q
P070,48,M,MEX,LXLB808283MMNT3U
P294,38,F,MEX,KHFZ356261HDTMJF
P064,54,F,Germany,3354758149F
P037,78,F,MEX,EUIB233324MRH46U
P010,39,F,MEX,BJDV023633HDZV7U
P239,74,M,UK,PY547607A
P413,51,M,Spain,13563718O
P049,52,F,ARG,27-29507722-1
P243,27,M,UK,CM623508B
P459,70,M,ARG,23-54480376-7
P401,70,F,Germany,7945457002F
P179,73,M,Germany,4759880855F
P381,46,F,Germany,2259147075F
P034,47,F,MEX,YOHC059228MQEULT
P254,76,F,Spain,54863393G
P139,32,M,MEX,CHLS100439MTU9L6
P445,76,F,Spain,98038856G
P084,51,F,ARG,23-87207243-2
P250,39,F,Germany,7496854593M
P124,24,M,Germany,7015057305M
P119,61,F,Spain,15782007C
P152,65,M,Spain,90628616O
P040,39,F,MEX,JPJM565909HGTOSH
P381,46,F,Germany,2259147075F
P450,25,M,ARG,20-38149778-4
P274,77,F,Spain,49292743X
P326,29,M,Germany,1760498996F
P178,78,F,UK,JR415403M
P057,54,M,Germany,3366454837M
P340,22,F,Spain,23923384Z
P412,32,M,ARG,27-92026951-2
P438,30,M,Germany,1637839392M
P452,50,M,Spain,88845241P
P307,57,F,ARG,23-48157569-2
P195,72,M,UK,TP140834P
P100,35,F,UK,WI938935O
P374,45,F,Spain,54332430I
P414,37,M,Germany,1105067158M
P194,42,M,UK,FO725909S
P154,44,F,UK,FF879753U
P493,37,F,Germany,5565463690F
P010,39,F,MEX,BJDV023633HDZV7U
P044,49,F,MEX,YSEA333080MJBAHZ
P280,63,M,MEX,LQLF266679MKL3BI
P135,63,F,Germany,6438682551M
P048,40,F,Spain,69063883W
P281,53,M,ARG,27-92182649-1
P425,59,F,UK,II687298W
P155,33,M,Germany,9897481788M
P031,61,F,ARG,20-52450807-3
P174,73,M,MEX,FZEC776011HMANSV
P186,68,F,MEX,GBMY181687MGFJTG
P086,54,M,UK,GP709037P
P181,66,F,MEX,NJKB185354MWGRDN
P047,67,F,ARG,20-67019671-5
P120,55,M,Spain,58290182R
P211,30,M,Germany,6890764030M
P018,51,F,Spain,26056912D
P317,20,F,UK,FP461768W
P035,50,F,Germany,1623852198M
P488,49,M,MEX,USKT499775HWCQQ7
P019,21,F,Spain,42902123X
P447,56,M,UK,YJ001630T
P424,73,M,Spain,39083264N
P102,38,M,MEX,UDXK113369MCN5PY
P113,47,F,UK,PB015129Q
P293,44,F,UK,QT318616D
P462,30,M,Germany,4457701103F
P203,29,F,Spain,31484468P
P485,62,M,MEX,UXPQ921677HWWRNO
P258,20,M,MEX,KPWY306188MAD8O5
P398,50,M,MEX,YWIA088650HFB46I
P375,59,F,Spain,21272617U
P100,35,F,UK,WI938935O
P095,60,M,MEX,JQZD512181MAAP10
P267,40,M,UK,BX981684F
P344,75,F,UK,NV079122E
P465,37,M,MEX,KXLB074740HBJUWW
P098,46,F,UK,MA069864O
P237,31,M,MEX,CDNC970663MRDO7H
P088,42,M,MEX,TIBM170217MNWLFQ
P317,20,F,UK,FP461768W
P126,39,M,Spain,97600318M
P011,38,F,ARG,23-84558104-2
P217,79,F,UK,LT973341O
P193,34,M,UK,NN980535V
P080,23,M,MEX,VGRO490150MGF6Y6
P417,61,F,ARG,20-81919371-3
P106,55,M,Germany,0308810994M
P428,53,F,ARG,27-35168875-6
P406,41,F,MEX,DCBH481025HMZJE5
P192,57,M,ARG,27-83109633-1
P211,30,M,Germany,6890764030M
P478,59,F,Spain,44949704J
P435,41,F,UK,FO750413E
P054,73,F,UK,SO800442X
P495,74,M,Spain,09256396W
P094,32,M,UK,YA049283I
P101,58,F,Spain,63555472J
P368,75,M,Spain,40356446P
P266,39,M,MEX,JFVS535683MSKMSC
P350,42,M,Spain,84917825J
P387,69,F,Germany,5661737041M
P491,76,F,MEX,YYSU755351HNZ48D
P478,59,F,Spain,44949704J
P241,50,M,Spain,28707036D
P490,33,F,Spain,75431767Z
P099,25,M,Spain,46867284A
P383,34,F,Germany,9402533299M
P331,54,M,Germany,3384635268F
P257,61,M,ARG,20-39698993-7
P168,69,F,UK,EG450968M
P030,36,M,ARG,27-59164383-7
P237,31,M,MEX,CDNC970663MRDO7H
P296,27,M,ARG,23-64147902-0
P061,52,M,Spain,06144816F
P473,70,M,UK,TQ035719N
P059,54,F,UK,LC079048Q
P184,47,F,Spain,51029160Y
P263,44,M,Germany,8616798505F
P495,74,M,Spain,09256396W
P225,56,F,MEX,BFSJ476372HKN5AB
P029,51,M,Spain,28007346H
P039,36,F,MEX,HBST993388MVDFH7
P303,35,F,MEX,TOUA999737HBUGZJ
P384,26,M,UK,JV584420L
P043,33,M,ARG,27-73719041-6
P006,40,M,ARG,20-35846141-8
P129,40,M,Germany,5840725097M
P480,69,F,UK,KR443481D
P273,37,F,Germany,8646812310M
P201,58,M,Germany,4123228073M
P382,28,M,UK,TR267789Q
P316,68,M,ARG,20-90116670-9
P436,46,M,Germany,1743054557F
P433,29,M,Spain,81153222T
P135,63,F,Germany,6438682551M
P451,41,F,Spain,44560291E
P062,74,F,UK,LQ372014K
P391,40,M,MEX,HVZH267997HHCFGN
P295,54,M,MEX,UEWG748664HIRP9T
P404,49,M,UK,AG929042R
P127,40,M,Spain,75006631A
P086,54,M,UK,GP709037P
P223,65,M,Germany,7817066317M
P302,79,M,UK,CB723557B
P422,67,F,Spain,06850512N
P289,20,F,Spain,28619684V
P103,55,M,UK,IF856752P
P430,64,M,ARG,23-77029295-5
P333,77,F,Germany,4478474286M
P311,53,F,MEX,VNGA288461HKEHSB
P494,37,F,ARG,23-30726475-4
P024,61,M,MEX,SSLY073710MRDYI3
P399,34,F,UK,MO428550C
P416,29,F,Spain,42075705D
P438,30,M,Germany,1637839392M
P454,35,F,UK,UR542850U
P188,51,M,Germany,8699118030M
P409,61,M,Spain,25973901T
P197,24,M,ARG,27-92942487-2
P171,38,F,ARG,20-53243228-1
P093,23,M,ARG,27-75538565-0
P131,36,M,ARG,23-82429600-8
P470,73,M,Spain,56092396L
P228,33,F,Germany,4289471175F
P109,20,M,ARG,20-65649508-7
P138,57,F,MEX,VBOB156630MFG7AH
P052,39,M,Germany,0006105408F
P085,76,M,Spain,70661552U
P060,75,M,Germany,8334409387M
P170,42,M,ARG,27-41356296-3
P118,71,M,Germany,3847984359M
P380,39,F,Germany,8386659827F
P111,74,M,Germany,8944119341F
P213,63,F,Spain,05134098X
P225,56,F,MEX,BFSJ476372HKN5AB
P271,75,F,Germany,9179963959F
P066,77,M,MEX,YAJH717611HRPUZT
P115,69,M,Germany,8478243604F
P334,31,M,Spain,08095208S
P318,79,M,Germany,0858283753F
P479,78,M,ARG,23-87085580-8
P017,45,F,ARG,27-80481677-9
P468,70,F,Spain,06775501J
P144,36,F,MEX,CXFE608297MXOA4R
P458,42,M,Germany,8290351262F
P426,61,F,ARG,20-57760338-5
P492,72,M,UK,ST403350G
P469,72,F,Germany,1421640352F
P309,31,M,ARG,20-87804580-7
P219,48,M,Germany,8864875394M
P487,51,F,ARG,20-70887656-0
P114,39,F,ARG,20-26225892-5
P437,26,M,ARG,23-82837787-8
P158,39,M,Germany,7077236841F
P315,71,M,Germany,0391651644F
P039,36,F,MEX,HBST993388MVDFH7
P471,73,M,UK,ZY488769X
P411,52,M,MEX,YVWL982155HJAR2K
P153,23,F,Spain,01615318R
P342,66,M,UK,BB871795H
P200,51,F,Germany,2602417415M
P456,30,F,ARG,23-80916022-4
P009,70,M,Spain,41566624Z
P247,28,F,MEX,ZXUH887382MYDO4C
P421,21,F,Spain,32288523E
P455,30,M,MEX,ODDD920320MBDL6F
P390,63,M,MEX,RIAI422383MZM1FL
P214,55,F,Germany,6712946052F
P472,69,F,UK,PX463812R
P483,57,F,MEX,CITA192293HYPAXE
P165,21,M,Spain,73886501P
P175,28,F,Spain,48136060R
P185,70,M,Spain,91273940P
P484,69,M,MEX,OYRD704072MOZXRG
P071,75,F,Spain,50589653S
P360,55,M,Germany,5404574342M
P392,38,M,Germany,8867789213M
P087,43,M,Germany,4119030296M
P284,78,M,Germany,9424731799M
P091,57,F,Spain,29437590B
P222,72,M,ARG,27-91139358-9
P419,55,M,ARG,20-92651387-0
P031,61,F,ARG,20-52450807-3
P500,70,F,Germany,0534251993M
P442,75,M,Spain,55084314I
P183,25,F,UK,IG990597H
P079,35,F,MEX,KBAJ281625MHEUKJ
P210,26,M,Spain,86632308L
P396,61,M,MEX,MWRC238468MYS5QT
P247,28,F,MEX,ZXUH887382MYDO4C
P137,77,F,Spain,98282196C
P063,34,M,ARG,23-93686108-4
P372,74,F,MEX,RGBM936767MQDZAU
P397,60,F,Spain,67882385E
P196,26,F,ARG,23-00120704-4
P180,43,F,Germany,1422522196M
P359,26,M,ARG,27-03884992-3
P233,57,M,Germany,6690114505M
P374,45,F,Spain,54332430I
P471,73,M,UK,ZY488769X
P497,39,F,Spain,57748022U
P339,45,M,MEX,DYUY519198HHNVBW
P343,21,M,Spain,65386605N
P187,67,F,Germany,5547528293M
P042,76,F,Germany,1419437913M
P345,78,F,MEX,SIRE659901MUVYVX
P312,53,M,MEX,YHTH546676MCYHUA
P195,72,M,UK,TP140834P
P376,23,F,UK,HM823123C
P429,50,M,UK,ZI275991O
P198,34,M,ARG,20-23949546-1
P108,40,M,UK,NY320389K
P327,76,M,Spain,16169321E
P475,59,F,Germany,4775396232M
P320,20,F,MEX,LWXK486082HUDAOM
P272,74,M,MEX,GDHZ031575MZT2OK
P460,68,F,Spain,69561975U
P099,25,M,Spain,46867284A
P332,42,M,ARG,27-78264192-8
P236,29,F,UK,KA963261U
P212,28,F,Spain,30427213F
P004,37,F,Germany,9292031843M
P405,75,M,UK,HS819925F
P016,61,M,UK,LA550555Z
P001,54,M,MEX,DFSI384009HAY98U
P288,20,F,UK,IP108460Y
P190,44,M,ARG,20-83917409-9
P415,79,F,UK,CQ768758N
P378,36,F,Germany,6703233594M
P220,79,M,ARG,23-84873066-2
P112,73,F,Germany,5997833137F
P407,27,M,Germany,4936373173F
P095,60,M,MEX,JQZD512181MAAP10
P347,68,F,UK,AU942623K
P379,76,F,ARG,27-92249092-8
P036,46,M,MEX,TEGH929341HTPGO1
P051,72,M,MEX,QBPF053703MDOGFV
P166,75,F,Spain,65213189R
P395,51,M,UK,OZ747154N
P246,60,F,Spain,84339055Y
P297,45,F,MEX,KUYG195787MPXGPD
P123,45,M,ARG,27-24381055-5
P310,43,M,ARG,27-37455758-1
P198,34,M,ARG,20-23949546-1
P058,61,M,UK,SL540618M
P329,40,M,MEX,QWED510285HSMFOO
P014,67,F,ARG,27-97063235-1
P268,78,F,ARG,23-72253009-6
P394,33,F,Germany,8890086649F
P314,73,F,ARG,20-11033470-4
P371,26,F,ARG,27-16516257-8
P075,52,F,Germany,5715749169F
P105,79,M,Spain,01598591H
P388,32,F,ARG,20-49167475-5
P156,52,F,MEX,KLPB499092MGWW40
P076,35,F,ARG,27-92470166-4
P480,69,F,UK,KR443481D
P393,66,F,UK,TQ380105Y
P092,50,M,Germany,5845789624F
P349,24,F,Spain,43406046Y
P020,21,M,Germany,3049500910F
P264,26,F,Germany,2116122905F
P216,52,M,UK,CY708130R
P477,54,M,MEX,XAZF669511HZPJC0
P432,29,M,Spain,22117973K
P354,66,F,ARG,27-41887669-3
P335,51,M,ARG,27-86891343-7
P300,31,M,MEX,QQCS816678MCP5VO
P110,40,F,Germany,1270863547M
P143,59,F,Spain,19841841W
P293,44,F,UK,QT318616D
P207,76,F,Germany,1407128506M
P141,56,M,ARG,23-71009617-1
P074,78,M,Spain,34592395J
P245,78,F,ARG,23-49705534-0
P474,76,F,Germany,0041816824F
P249,60,F,Spain,94374549I
P482,43,F,ARG,23-51972259-0
P427,64,F,Spain,95953795T
P033,24,M,Germany,8931645610F
P221,45,M,Spain,49876325W
P121,79,F,MEX,LMSG184939HPGVW1
P150,58,F,Spain,10936967V
P053,50,M,MEX,UARW551927MZWA7D
P008,73,F,MEX,IECU172694HZYNSC
P122,29,F,MEX,CNCX963886MRZLRQ
P042,76,F,Germany,1419437913M
P325,26,F,Germany,7022997678M
P304,28,M,Spain,98101027N
P048,40,F,Spain,69063883W
P441,69,M,MEX,VMPA172988MKCNC4
P457,21,F,MEX,LVDG445041MVSGDU
P234,35,F,MEX,LIYU329858MQMEML
P305,32,F,MEX,UVRX263154HGX5R2
P015,65,M,UK,CJ235950O
P463,62,F,Spain,90793530J
P278,50,F,MEX,NHEB214131HJLE0Y
P130,76,F,MEX,SYEY031406HJPDYY
P448,67,F,UK,WT280733N
P191,55,F,UK,ND848617E
P467,42,M,MEX,RUXU283664MJHYYD
P362,77,M,UK,UL391417Y
P218,62,M,Spain,29681473O
P151,65,F,Spain,08334681S
P067,38,F,MEX,CMRI807298MXFS3S
P489,75,F,Spain,08507729B
P323,39,M,UK,IY826725G
P026,70,F,Spain,03718678J
P354,66,F,ARG,27-41887669-3
P215,62,M,UK,PY528458H
P012,37,M,MEX,SKJR921979HXQ4R0
P097,64,F,MEX,AXXJ868475HTOMR7
P145,74,M,Spain,27284873U
P162,22,M,Germany,4408428047M
P276,34,M,UK,GD104716U
P137,77,F,Spain,98282196C
P464,67,M,ARG,27-25461269-4
P256,66,M,Spain,92363790J
P224,66,M,MEX,BOGZ455480HKF5KU
P364,54,M,Germany,5141684002F
P161,64,F,ARG,23-39543598-3
P270,26,F,UK,VI318358E
P204,35,F,ARG,20-67627902-9
P415,79,F,UK,CQ768758N
P172,79,M,ARG,23-24588835-2
P251,46,M,Spain,54275782H
P056,49,M,Germany,8378598006M
P352,66,M,Germany,8093643005F
P330,52,F,Germany,1472377648F
P423,58,F,ARG,23-25170909-0
P461,45,M,MEX,RADV219166HCCZ2U
P134,32,F,Germany,1417296061F
P089,25,F,Germany,8119661458F
P090,61,M,Germany,1643225113M
P038,53,M,MEX,UXJC240046MQL3BE
P232,27,F,Germany,6482111310F
P446,32,M,Germany,6614445589F
P336,21,M,ARG,23-49612561-9
P367,25,F,ARG,27-06316811-1
P324,38,M,ARG,27-47075981-1
P338,36,F,MEX,ZDJB490397HEZ3FO
P408,38,M,Germany,2803039160F
P045,75,M,UK,GV384697F
P366,67,F,Germany,5516095176M
